000	col=00	row=00	pixel=(0,0)-(7,7)
001	col=01	row=00	pixel=(8,0)-(15,7)
002	col=02	row=00	pixel=(16,0)-(23,7)
003	col=03	row=00	pixel=(24,0)-(31,7)
004	col=04	row=00	pixel=(32,0)-(39,7)
005	col=05	row=00	pixel=(40,0)-(47,7)
006	col=06	row=00	pixel=(48,0)-(55,7)
007	col=07	row=00	pixel=(56,0)-(63,7)
008	col=08	row=00	pixel=(64,0)-(71,7)
009	col=09	row=00	pixel=(72,0)-(79,7)
010	col=10	row=00	pixel=(80,0)-(87,7)
011	col=11	row=00	pixel=(88,0)-(95,7)
012	col=12	row=00	pixel=(96,0)-(103,7)
013	col=13	row=00	pixel=(104,0)-(111,7)
014	col=14	row=00	pixel=(112,0)-(119,7)
015	col=15	row=00	pixel=(120,0)-(127,7)
016	col=16	row=00	pixel=(128,0)-(135,7)
017	col=17	row=00	pixel=(136,0)-(143,7)
018	col=18	row=00	pixel=(144,0)-(151,7)
019	col=19	row=00	pixel=(152,0)-(159,7)
020	col=20	row=00	pixel=(160,0)-(167,7)
021	col=21	row=00	pixel=(168,0)-(175,7)
022	col=22	row=00	pixel=(176,0)-(183,7)
023	col=23	row=00	pixel=(184,0)-(191,7)
024	col=24	row=00	pixel=(192,0)-(199,7)
025	col=25	row=00	pixel=(200,0)-(207,7)
026	col=26	row=00	pixel=(208,0)-(215,7)
027	col=27	row=00	pixel=(216,0)-(223,7)
028	col=28	row=00	pixel=(224,0)-(231,7)
029	col=29	row=00	pixel=(232,0)-(239,7)
030	col=30	row=00	pixel=(240,0)-(247,7)
031	col=31	row=00	pixel=(248,0)-(255,7)
032	col=00	row=01	pixel=(0,8)-(7,15)
033	col=01	row=01	pixel=(8,8)-(15,15)
034	col=02	row=01	pixel=(16,8)-(23,15)
035	col=03	row=01	pixel=(24,8)-(31,15)
036	col=04	row=01	pixel=(32,8)-(39,15)
037	col=05	row=01	pixel=(40,8)-(47,15)
038	col=06	row=01	pixel=(48,8)-(55,15)
039	col=07	row=01	pixel=(56,8)-(63,15)
040	col=08	row=01	pixel=(64,8)-(71,15)
041	col=09	row=01	pixel=(72,8)-(79,15)
042	col=10	row=01	pixel=(80,8)-(87,15)
043	col=11	row=01	pixel=(88,8)-(95,15)
044	col=12	row=01	pixel=(96,8)-(103,15)
045	col=13	row=01	pixel=(104,8)-(111,15)
046	col=14	row=01	pixel=(112,8)-(119,15)
047	col=15	row=01	pixel=(120,8)-(127,15)
048	col=16	row=01	pixel=(128,8)-(135,15)
049	col=17	row=01	pixel=(136,8)-(143,15)
050	col=18	row=01	pixel=(144,8)-(151,15)
051	col=19	row=01	pixel=(152,8)-(159,15)
052	col=20	row=01	pixel=(160,8)-(167,15)
053	col=21	row=01	pixel=(168,8)-(175,15)
054	col=22	row=01	pixel=(176,8)-(183,15)
055	col=23	row=01	pixel=(184,8)-(191,15)
056	col=24	row=01	pixel=(192,8)-(199,15)
057	col=25	row=01	pixel=(200,8)-(207,15)
058	col=26	row=01	pixel=(208,8)-(215,15)
059	col=27	row=01	pixel=(216,8)-(223,15)
060	col=28	row=01	pixel=(224,8)-(231,15)
061	col=29	row=01	pixel=(232,8)-(239,15)
062	col=30	row=01	pixel=(240,8)-(247,15)
063	col=31	row=01	pixel=(248,8)-(255,15)
064	col=00	row=02	pixel=(0,16)-(7,23)
065	col=01	row=02	pixel=(8,16)-(15,23)
066	col=02	row=02	pixel=(16,16)-(23,23)
067	col=03	row=02	pixel=(24,16)-(31,23)
068	col=04	row=02	pixel=(32,16)-(39,23)
069	col=05	row=02	pixel=(40,16)-(47,23)
070	col=06	row=02	pixel=(48,16)-(55,23)
071	col=07	row=02	pixel=(56,16)-(63,23)
072	col=08	row=02	pixel=(64,16)-(71,23)
073	col=09	row=02	pixel=(72,16)-(79,23)
074	col=10	row=02	pixel=(80,16)-(87,23)
075	col=11	row=02	pixel=(88,16)-(95,23)
076	col=12	row=02	pixel=(96,16)-(103,23)
077	col=13	row=02	pixel=(104,16)-(111,23)
078	col=14	row=02	pixel=(112,16)-(119,23)
079	col=15	row=02	pixel=(120,16)-(127,23)
080	col=16	row=02	pixel=(128,16)-(135,23)
081	col=17	row=02	pixel=(136,16)-(143,23)
082	col=18	row=02	pixel=(144,16)-(151,23)
083	col=19	row=02	pixel=(152,16)-(159,23)
084	col=20	row=02	pixel=(160,16)-(167,23)
085	col=21	row=02	pixel=(168,16)-(175,23)
086	col=22	row=02	pixel=(176,16)-(183,23)
087	col=23	row=02	pixel=(184,16)-(191,23)
088	col=24	row=02	pixel=(192,16)-(199,23)
089	col=25	row=02	pixel=(200,16)-(207,23)
090	col=26	row=02	pixel=(208,16)-(215,23)
091	col=27	row=02	pixel=(216,16)-(223,23)
092	col=28	row=02	pixel=(224,16)-(231,23)
093	col=29	row=02	pixel=(232,16)-(239,23)
094	col=30	row=02	pixel=(240,16)-(247,23)
095	col=31	row=02	pixel=(248,16)-(255,23)
096	col=00	row=03	pixel=(0,24)-(7,31)
097	col=01	row=03	pixel=(8,24)-(15,31)
098	col=02	row=03	pixel=(16,24)-(23,31)
099	col=03	row=03	pixel=(24,24)-(31,31)
100	col=04	row=03	pixel=(32,24)-(39,31)
101	col=05	row=03	pixel=(40,24)-(47,31)
102	col=06	row=03	pixel=(48,24)-(55,31)
103	col=07	row=03	pixel=(56,24)-(63,31)
104	col=08	row=03	pixel=(64,24)-(71,31)
105	col=09	row=03	pixel=(72,24)-(79,31)
106	col=10	row=03	pixel=(80,24)-(87,31)
107	col=11	row=03	pixel=(88,24)-(95,31)
108	col=12	row=03	pixel=(96,24)-(103,31)
109	col=13	row=03	pixel=(104,24)-(111,31)
110	col=14	row=03	pixel=(112,24)-(119,31)
111	col=15	row=03	pixel=(120,24)-(127,31)
112	col=16	row=03	pixel=(128,24)-(135,31)
113	col=17	row=03	pixel=(136,24)-(143,31)
114	col=18	row=03	pixel=(144,24)-(151,31)
115	col=19	row=03	pixel=(152,24)-(159,31)
116	col=20	row=03	pixel=(160,24)-(167,31)
117	col=21	row=03	pixel=(168,24)-(175,31)
118	col=22	row=03	pixel=(176,24)-(183,31)
119	col=23	row=03	pixel=(184,24)-(191,31)
120	col=24	row=03	pixel=(192,24)-(199,31)
121	col=25	row=03	pixel=(200,24)-(207,31)
122	col=26	row=03	pixel=(208,24)-(215,31)
123	col=27	row=03	pixel=(216,24)-(223,31)
124	col=28	row=03	pixel=(224,24)-(231,31)
125	col=29	row=03	pixel=(232,24)-(239,31)
126	col=30	row=03	pixel=(240,24)-(247,31)
127	col=31	row=03	pixel=(248,24)-(255,31)
128	col=00	row=04	pixel=(0,32)-(7,39)
129	col=01	row=04	pixel=(8,32)-(15,39)
130	col=02	row=04	pixel=(16,32)-(23,39)
131	col=03	row=04	pixel=(24,32)-(31,39)
132	col=04	row=04	pixel=(32,32)-(39,39)
133	col=05	row=04	pixel=(40,32)-(47,39)
134	col=06	row=04	pixel=(48,32)-(55,39)
135	col=07	row=04	pixel=(56,32)-(63,39)
136	col=08	row=04	pixel=(64,32)-(71,39)
137	col=09	row=04	pixel=(72,32)-(79,39)
138	col=10	row=04	pixel=(80,32)-(87,39)
139	col=11	row=04	pixel=(88,32)-(95,39)
140	col=12	row=04	pixel=(96,32)-(103,39)
141	col=13	row=04	pixel=(104,32)-(111,39)
142	col=14	row=04	pixel=(112,32)-(119,39)
143	col=15	row=04	pixel=(120,32)-(127,39)
144	col=16	row=04	pixel=(128,32)-(135,39)
145	col=17	row=04	pixel=(136,32)-(143,39)
146	col=18	row=04	pixel=(144,32)-(151,39)
147	col=19	row=04	pixel=(152,32)-(159,39)
148	col=20	row=04	pixel=(160,32)-(167,39)
149	col=21	row=04	pixel=(168,32)-(175,39)
150	col=22	row=04	pixel=(176,32)-(183,39)
151	col=23	row=04	pixel=(184,32)-(191,39)
152	col=24	row=04	pixel=(192,32)-(199,39)
153	col=25	row=04	pixel=(200,32)-(207,39)
154	col=26	row=04	pixel=(208,32)-(215,39)
155	col=27	row=04	pixel=(216,32)-(223,39)
156	col=28	row=04	pixel=(224,32)-(231,39)
157	col=29	row=04	pixel=(232,32)-(239,39)
158	col=30	row=04	pixel=(240,32)-(247,39)
159	col=31	row=04	pixel=(248,32)-(255,39)
160	col=00	row=05	pixel=(0,40)-(7,47)
161	col=01	row=05	pixel=(8,40)-(15,47)
162	col=02	row=05	pixel=(16,40)-(23,47)
163	col=03	row=05	pixel=(24,40)-(31,47)
164	col=04	row=05	pixel=(32,40)-(39,47)
165	col=05	row=05	pixel=(40,40)-(47,47)
166	col=06	row=05	pixel=(48,40)-(55,47)
167	col=07	row=05	pixel=(56,40)-(63,47)
168	col=08	row=05	pixel=(64,40)-(71,47)
169	col=09	row=05	pixel=(72,40)-(79,47)
170	col=10	row=05	pixel=(80,40)-(87,47)
171	col=11	row=05	pixel=(88,40)-(95,47)
172	col=12	row=05	pixel=(96,40)-(103,47)
173	col=13	row=05	pixel=(104,40)-(111,47)
174	col=14	row=05	pixel=(112,40)-(119,47)
175	col=15	row=05	pixel=(120,40)-(127,47)
176	col=16	row=05	pixel=(128,40)-(135,47)
177	col=17	row=05	pixel=(136,40)-(143,47)
178	col=18	row=05	pixel=(144,40)-(151,47)
179	col=19	row=05	pixel=(152,40)-(159,47)
180	col=20	row=05	pixel=(160,40)-(167,47)
181	col=21	row=05	pixel=(168,40)-(175,47)
182	col=22	row=05	pixel=(176,40)-(183,47)
183	col=23	row=05	pixel=(184,40)-(191,47)
184	col=24	row=05	pixel=(192,40)-(199,47)
185	col=25	row=05	pixel=(200,40)-(207,47)
186	col=26	row=05	pixel=(208,40)-(215,47)
187	col=27	row=05	pixel=(216,40)-(223,47)
188	col=28	row=05	pixel=(224,40)-(231,47)
189	col=29	row=05	pixel=(232,40)-(239,47)
190	col=30	row=05	pixel=(240,40)-(247,47)
191	col=31	row=05	pixel=(248,40)-(255,47)
